epoch,steps,accuracy_cosine
0.5,6,0.8837209343910217
1.0,12,0.9069767594337463
1.5,18,0.8837209343910217
2.0,24,0.9069767594337463
2.5,30,0.930232584476471
3.0,36,0.9534883499145508
3.5,42,0.9534883499145508
4.0,48,0.9534883499145508
4.5,54,0.9534883499145508
5.0,60,0.9534883499145508
